building_id,meter,timestamp,meter_reading,site_id,primary_use,square_feet,year_built,floor_count,air_temperature,cloud_coverage,dew_temperature,precip_depth_1_hr,sea_level_pressure,wind_direction,wind_speed,city,country,state
606,0,2016-01-01 03:00:00,54.09,4,Utility,23432,1999.0,2.0,7.8,0.0,-2.8,0.0,1021.5,90.0,1.5,San Francisco,USA,CA
606,0,2016-01-01 11:00:00,59.225,4,Utility,23432,1999.0,2.0,4.4,0.0,-7.8,0.0,1020.5,30.0,2.6,San Francisco,USA,CA
606,0,2016-01-02 07:00:00,59.4975,4,Utility,23432,1999.0,2.0,5.6,,-1.1,0.0,1020.5,90.0,3.1,San Francisco,USA,CA
606,0,2016-01-02 08:00:00,59.13,4,Utility,23432,1999.0,2.0,6.1,,-1.7,0.0,1020.5,80.0,3.6,San Francisco,USA,CA
606,0,2016-01-02 17:00:00,56.3675,4,Utility,23432,1999.0,2.0,7.2,,-2.2,0.0,1019.5,80.0,3.6,San Francisco,USA,CA
606,0,2016-01-03 11:00:00,58.215,4,Utility,23432,1999.0,2.0,8.3,,0.0,0.0,1014.0,70.0,4.1,San Francisco,USA,CA
606,0,2016-01-05 08:00:00,61.4,4,Utility,23432,1999.0,2.0,12.2,,8.9,-1.0,1004.0,150.0,6.7,San Francisco,USA,CA
606,0,2016-01-05 23:00:00,54.5275,4,Utility,23432,1999.0,2.0,10.6,,8.3,-1.0,1007.5,260.0,1.5,San Francisco,USA,CA
606,0,2016-01-06 18:00:00,53.9225,4,Utility,23432,1999.0,2.0,10.0,,8.3,-1.0,1006.0,130.0,5.7,San Francisco,USA,CA
606,0,2016-01-07 02:00:00,55.315,4,Utility,23432,1999.0,2.0,10.6,,7.8,-1.0,1006.0,170.0,3.6,San Francisco,USA,CA
606,0,2016-01-07 06:00:00,60.3175,4,Utility,23432,1999.0,2.0,9.4,,7.8,-1.0,1007.5,60.0,2.6,San Francisco,USA,CA
606,0,2016-01-08 14:00:00,60.32,4,Utility,23432,1999.0,2.0,6.7,,5.6,0.0,1018.0,70.0,2.1,San Francisco,USA,CA
606,0,2016-01-08 16:00:00,52.4,4,Utility,23432,1999.0,2.0,7.8,,6.1,0.0,1018.5,150.0,1.5,San Francisco,USA,CA
606,0,2016-01-08 21:00:00,49.11,4,Utility,23432,1999.0,2.0,10.6,,6.1,0.0,1019.5,210.0,1.5,San Francisco,USA,CA
606,0,2016-01-09 00:00:00,49.4125,4,Utility,23432,1999.0,2.0,11.1,,6.7,0.0,1018.5,0.0,0.0,San Francisco,USA,CA
606,0,2016-01-09 21:00:00,49.4275,4,Utility,23432,1999.0,2.0,12.2,,7.8,0.0,1020.0,140.0,4.1,San Francisco,USA,CA
606,0,2016-01-10 03:00:00,49.5075,4,Utility,23432,1999.0,2.0,11.1,,8.3,0.0,1020.0,320.0,1.5,San Francisco,USA,CA
606,0,2016-01-12 05:00:00,50.735,4,Utility,23432,1999.0,2.0,12.8,,8.3,0.0,1027.0,70.0,4.6,San Francisco,USA,CA
606,0,2016-01-12 06:00:00,53.475,4,Utility,23432,1999.0,2.0,12.8,,8.3,0.0,1027.0,70.0,3.1,San Francisco,USA,CA
606,0,2016-01-12 23:00:00,49.6675,4,Utility,23432,1999.0,2.0,15.6,,8.3,0.0,1019.5,20.0,2.6,San Francisco,USA,CA
606,0,2016-01-15 08:00:00,60.7575,4,Utility,23432,1999.0,2.0,12.8,,10.6,0.0,1016.5,250.0,5.1,San Francisco,USA,CA
606,0,2016-01-15 17:00:00,57.05,4,Utility,23432,1999.0,2.0,11.7,2.0,8.9,0.0,1019.5,40.0,2.1,San Francisco,USA,CA
606,0,2016-01-16 00:00:00,54.5475,4,Utility,23432,1999.0,2.0,15.6,4.0,7.2,0.0,1018.5,290.0,1.5,San Francisco,USA,CA
606,0,2016-01-16 02:00:00,53.2,4,Utility,23432,1999.0,2.0,11.7,,7.8,0.0,1019.0,50.0,2.6,San Francisco,USA,CA
606,0,2016-01-16 13:00:00,57.065,4,Utility,23432,1999.0,2.0,11.1,,11.1,5.0,1020.0,110.0,1.5,San Francisco,USA,CA
606,0,2016-01-16 22:00:00,54.6425,4,Utility,23432,1999.0,2.0,16.1,,12.8,,1021.0,130.0,2.1,San Francisco,USA,CA
606,0,2016-01-17 08:00:00,59.145,4,Utility,23432,1999.0,2.0,13.9,,12.2,,1021.0,0.0,0.0,San Francisco,USA,CA
606,0,2016-01-17 13:00:00,57.45,4,Utility,23432,1999.0,2.0,14.4,,12.2,,1019.5,110.0,3.6,San Francisco,USA,CA
606,0,2016-01-17 16:00:00,56.1925,4,Utility,23432,1999.0,2.0,13.9,,12.2,,1019.5,140.0,4.6,San Francisco,USA,CA
606,0,2016-01-17 20:00:00,55.095,4,Utility,23432,1999.0,2.0,15.0,,12.8,,1020.0,140.0,5.1,San Francisco,USA,CA
606,0,2016-01-18 19:00:00,55.045,4,Utility,23432,1999.0,2.0,15.0,2.0,12.2,0.0,1021.5,120.0,1.5,San Francisco,USA,CA
606,0,2016-01-20 01:00:00,56.205,4,Utility,23432,1999.0,2.0,13.9,,11.7,0.0,1019.0,260.0,3.6,San Francisco,USA,CA
606,0,2016-01-22 05:00:00,57.075,4,Utility,23432,1999.0,2.0,13.9,,10.0,0.0,1017.5,30.0,2.6,San Francisco,USA,CA
606,0,2016-01-22 07:00:00,61.29,4,Utility,23432,1999.0,2.0,16.7,,8.3,0.0,1017.5,180.0,7.2,San Francisco,USA,CA
606,0,2016-01-23 04:00:00,50.1375,4,Utility,23432,1999.0,2.0,14.4,,12.2,-1.0,1014.5,150.0,6.7,San Francisco,USA,CA
606,0,2016-01-24 09:00:00,55.3025,4,Utility,23432,1999.0,2.0,11.1,2.0,7.8,0.0,1021.0,280.0,4.6,San Francisco,USA,CA
606,0,2016-01-24 21:00:00,49.465,4,Utility,23432,1999.0,2.0,13.3,,5.6,0.0,1022.5,200.0,2.6,San Francisco,USA,CA
606,0,2016-01-25 11:00:00,57.71,4,Utility,23432,1999.0,2.0,10.0,,7.2,0.0,1024.0,120.0,2.1,San Francisco,USA,CA
606,0,2016-01-25 15:00:00,56.13,4,Utility,23432,1999.0,2.0,10.6,,7.2,0.0,1024.0,0.0,0.0,San Francisco,USA,CA
606,0,2016-01-26 13:00:00,57.2375,4,Utility,23432,1999.0,2.0,7.2,2.0,5.6,0.0,1026.0,60.0,1.5,San Francisco,USA,CA
606,0,2016-01-27 19:00:00,51.0725,4,Utility,23432,1999.0,2.0,16.1,,8.3,0.0,1028.0,60.0,3.1,San Francisco,USA,CA
606,0,2016-01-28 09:00:00,57.0175,4,Utility,23432,1999.0,2.0,8.3,0.0,6.1,0.0,1026.0,20.0,1.5,San Francisco,USA,CA
606,0,2016-01-28 20:00:00,51.1925,4,Utility,23432,1999.0,2.0,13.9,,7.8,0.0,1025.0,,1.5,San Francisco,USA,CA
606,0,2016-01-29 00:00:00,49.535,4,Utility,23432,1999.0,2.0,14.4,,9.4,0.0,1023.5,180.0,2.6,San Francisco,USA,CA
606,0,2016-01-29 11:00:00,61.5675,4,Utility,23432,1999.0,2.0,14.4,,12.2,-1.0,1022.5,0.0,0.0,San Francisco,USA,CA
606,0,2016-01-29 19:00:00,55.6075,4,Utility,23432,1999.0,2.0,15.0,,12.2,-1.0,1021.5,160.0,4.6,San Francisco,USA,CA
606,0,2016-01-30 15:00:00,58.875,4,Utility,23432,1999.0,2.0,11.1,,6.7,0.0,1018.5,310.0,4.6,San Francisco,USA,CA
606,0,2016-01-31 07:00:00,60.4375,4,Utility,23432,1999.0,2.0,11.7,,4.4,0.0,1015.5,260.0,4.6,San Francisco,USA,CA
606,0,2016-01-31 09:00:00,60.1625,4,Utility,23432,1999.0,2.0,11.7,,3.9,0.0,1014.5,250.0,3.1,San Francisco,USA,CA
606,0,2016-02-01 21:00:00,55.5775,4,Utility,23432,1999.0,2.0,13.3,2.0,-2.2,0.0,1022.5,330.0,4.6,San Francisco,USA,CA
606,0,2016-02-02 17:00:00,57.14,4,Utility,23432,1999.0,2.0,8.3,,7.2,-1.0,1024.0,140.0,7.2,San Francisco,USA,CA
606,0,2016-02-03 05:00:00,55.9025,4,Utility,23432,1999.0,2.0,7.8,2.0,2.8,0.0,1026.0,30.0,4.6,San Francisco,USA,CA
606,0,2016-02-05 11:00:00,61.6625,4,Utility,23432,1999.0,2.0,7.8,0.0,3.3,0.0,1029.0,100.0,1.5,San Francisco,USA,CA
606,0,2016-02-05 12:00:00,62.105,4,Utility,23432,1999.0,2.0,9.4,0.0,5.6,0.0,1029.0,190.0,2.1,San Francisco,USA,CA
606,0,2016-02-05 23:00:00,55.84,4,Utility,23432,1999.0,2.0,16.1,,8.9,0.0,1028.0,280.0,4.1,San Francisco,USA,CA
606,0,2016-02-06 00:00:00,54.29,4,Utility,23432,1999.0,2.0,16.7,4.0,8.9,0.0,1028.0,280.0,3.1,San Francisco,USA,CA
606,0,2016-02-06 07:00:00,58.9925,4,Utility,23432,1999.0,2.0,9.4,2.0,7.2,0.0,1030.0,110.0,1.5,San Francisco,USA,CA
606,0,2016-02-08 11:00:00,58.9,4,Utility,23432,1999.0,2.0,11.7,0.0,6.7,0.0,1022.5,100.0,2.1,San Francisco,USA,CA
606,0,2016-02-08 18:00:00,52.21,4,Utility,23432,1999.0,2.0,15.0,0.0,9.4,0.0,1025.0,160.0,5.7,San Francisco,USA,CA
606,0,2016-02-09 07:00:00,59.6775,4,Utility,23432,1999.0,2.0,15.0,0.0,5.0,0.0,1022.0,300.0,1.5,San Francisco,USA,CA
606,0,2016-02-09 13:00:00,59.5775,4,Utility,23432,1999.0,2.0,9.4,0.0,5.0,0.0,1022.0,0.0,0.0,San Francisco,USA,CA
606,0,2016-02-10 12:00:00,60.8775,4,Utility,23432,1999.0,2.0,10.0,0.0,8.3,0.0,1023.0,320.0,2.6,San Francisco,USA,CA
606,0,2016-02-10 18:00:00,52.9375,4,Utility,23432,1999.0,2.0,14.4,,11.1,0.0,1025.0,160.0,3.1,San Francisco,USA,CA
606,0,2016-02-13 04:00:00,52.7875,4,Utility,23432,1999.0,2.0,15.0,,12.2,0.0,1022.5,250.0,2.6,San Francisco,USA,CA
606,0,2016-02-14 00:00:00,51.8,4,Utility,23432,1999.0,2.0,17.8,4.0,10.0,0.0,1023.0,260.0,4.6,San Francisco,USA,CA
606,0,2016-02-14 13:00:00,56.55,4,Utility,23432,1999.0,2.0,9.4,2.0,7.2,0.0,1025.0,0.0,0.0,San Francisco,USA,CA
606,0,2016-02-14 20:00:00,51.255,4,Utility,23432,1999.0,2.0,17.2,,10.0,0.0,1025.0,200.0,3.6,San Francisco,USA,CA
606,0,2016-02-15 11:00:00,55.4025,4,Utility,23432,1999.0,2.0,14.4,0.0,11.1,0.0,1021.5,,2.6,San Francisco,USA,CA
606,0,2016-02-15 13:00:00,54.3,4,Utility,23432,1999.0,2.0,10.6,0.0,8.9,0.0,1021.5,60.0,1.5,San Francisco,USA,CA
606,0,2016-02-18 23:00:00,53.3575,4,Utility,23432,1999.0,2.0,16.7,,7.2,0.0,1017.0,220.0,6.7,San Francisco,USA,CA
606,0,2016-02-19 02:00:00,55.125,4,Utility,23432,1999.0,2.0,14.4,4.0,6.7,0.0,1017.5,230.0,7.7,San Francisco,USA,CA
606,0,2016-02-19 17:00:00,55.9125,4,Utility,23432,1999.0,2.0,12.8,,7.8,0.0,1019.5,140.0,8.8,San Francisco,USA,CA
606,0,2016-02-20 20:00:00,50.8125,4,Utility,23432,1999.0,2.0,13.3,,7.2,0.0,1023.5,280.0,3.6,San Francisco,USA,CA
606,0,2016-02-21 11:00:00,56.97,4,Utility,23432,1999.0,2.0,7.2,0.0,5.0,0.0,1023.5,20.0,1.5,San Francisco,USA,CA
606,0,2016-02-22 01:00:00,53.455,4,Utility,23432,1999.0,2.0,15.6,,7.2,0.0,1024.0,270.0,6.7,San Francisco,USA,CA
606,0,2016-02-24 14:00:00,57.7525,4,Utility,23432,1999.0,2.0,8.9,2.0,5.6,0.0,1019.5,0.0,0.0,San Francisco,USA,CA
606,0,2016-02-24 20:00:00,52.2225,4,Utility,23432,1999.0,2.0,16.7,,7.8,0.0,1021.0,270.0,3.1,San Francisco,USA,CA
606,0,2016-02-25 16:00:00,58.3625,4,Utility,23432,1999.0,2.0,12.8,2.0,10.0,0.0,1021.0,0.0,0.0,San Francisco,USA,CA
606,0,2016-02-26 06:00:00,58.98,4,Utility,23432,1999.0,2.0,15.0,2.0,11.1,0.0,1019.0,330.0,1.5,San Francisco,USA,CA
606,0,2016-02-26 22:00:00,54.8275,4,Utility,23432,1999.0,2.0,17.8,,10.0,0.0,1020.0,300.0,5.1,San Francisco,USA,CA
606,0,2016-02-27 00:00:00,52.7125,4,Utility,23432,1999.0,2.0,17.2,4.0,10.6,0.0,1020.5,280.0,8.2,San Francisco,USA,CA
606,0,2016-02-27 10:00:00,59.71,4,Utility,23432,1999.0,2.0,13.9,,12.2,-1.0,1023.5,290.0,2.6,San Francisco,USA,CA
606,0,2016-02-27 12:00:00,60.265,4,Utility,23432,1999.0,2.0,13.3,,11.1,0.0,1022.5,260.0,2.6,San Francisco,USA,CA
606,0,2016-02-27 22:00:00,56.045,4,Utility,23432,1999.0,2.0,19.4,,7.2,0.0,1020.5,300.0,4.6,San Francisco,USA,CA
606,0,2016-02-28 10:00:00,58.485,4,Utility,23432,1999.0,2.0,10.0,,7.2,0.0,1021.5,0.0,0.0,San Francisco,USA,CA
606,0,2016-02-29 05:00:00,53.88,4,Utility,23432,1999.0,2.0,12.2,4.0,10.0,0.0,1022.5,0.0,0.0,San Francisco,USA,CA
606,0,2016-02-29 07:00:00,62.3725,4,Utility,23432,1999.0,2.0,12.2,2.0,10.0,0.0,1023.0,0.0,0.0,San Francisco,USA,CA
606,0,2016-03-02 19:00:00,52.83,4,Utility,23432,1999.0,2.0,16.1,,11.1,0.0,1019.0,230.0,2.1,San Francisco,USA,CA
606,0,2016-03-02 21:00:00,54.7925,4,Utility,23432,1999.0,2.0,18.9,,11.7,0.0,1017.5,280.0,3.6,San Francisco,USA,CA
606,0,2016-03-03 03:00:00,55.8825,4,Utility,23432,1999.0,2.0,16.1,,11.7,0.0,1019.0,230.0,3.1,San Francisco,USA,CA
606,0,2016-03-06 15:00:00,56.39,4,Utility,23432,1999.0,2.0,12.8,,7.8,-1.0,1013.5,240.0,5.7,San Francisco,USA,CA
606,0,2016-03-07 03:00:00,54.475,4,Utility,23432,1999.0,2.0,13.3,,7.8,-1.0,1012.0,180.0,9.3,San Francisco,USA,CA
606,0,2016-03-07 06:00:00,59.13,4,Utility,23432,1999.0,2.0,12.2,,10.6,20.0,1009.5,150.0,9.8,San Francisco,USA,CA
606,0,2016-03-09 03:00:00,52.3775,4,Utility,23432,1999.0,2.0,11.7,,5.0,-1.0,1020.0,150.0,3.1,San Francisco,USA,CA
606,0,2016-03-09 15:00:00,55.79,4,Utility,23432,1999.0,2.0,11.7,,9.4,-1.0,1018.5,110.0,2.6,San Francisco,USA,CA
606,0,2016-03-10 12:00:00,57.0625,4,Utility,23432,1999.0,2.0,16.1,,10.6,0.0,1016.0,190.0,3.1,San Francisco,USA,CA
606,0,2016-03-13 03:00:00,56.3375,4,Utility,23432,1999.0,2.0,13.9,,11.1,-1.0,,170.0,7.2,San Francisco,USA,CA
606,0,2016-03-13 04:00:00,56.095,4,Utility,23432,1999.0,2.0,13.9,,11.1,,1019.0,160.0,9.3,San Francisco,USA,CA
606,0,2016-03-13 07:00:00,61.9825,4,Utility,23432,1999.0,2.0,13.9,,11.7,,1019.5,170.0,6.2,San Francisco,USA,CA
606,0,2016-03-13 18:00:00,56.6575,4,Utility,23432,1999.0,2.0,14.4,,13.9,,1018.0,200.0,3.1,San Francisco,USA,CA
606,0,2016-03-14 19:00:00,50.58,4,Utility,23432,1999.0,2.0,14.4,,6.1,,1025.0,220.0,2.1,San Francisco,USA,CA
606,0,2016-03-15 01:00:00,51.175,4,Utility,23432,1999.0,2.0,15.0,4.0,5.6,,1024.0,280.0,5.7,San Francisco,USA,CA
606,0,2016-03-15 17:00:00,54.46,4,Utility,23432,1999.0,2.0,11.7,2.0,6.1,,1026.0,0.0,0.0,San Francisco,USA,CA
606,0,2016-03-16 06:00:00,55.465,4,Utility,23432,1999.0,2.0,13.3,0.0,6.7,,1021.0,300.0,2.1,San Francisco,USA,CA
606,0,2016-03-16 22:00:00,50.7575,4,Utility,23432,1999.0,2.0,19.4,2.0,7.2,,1017.5,270.0,3.1,San Francisco,USA,CA
606,0,2016-03-17 13:00:00,58.84,4,Utility,23432,1999.0,2.0,10.0,0.0,7.8,,1014.0,50.0,1.5,San Francisco,USA,CA
606,0,2016-03-18 19:00:00,51.56,4,Utility,23432,1999.0,2.0,13.9,,9.4,0.0,1017.5,260.0,3.6,San Francisco,USA,CA
606,0,2016-03-19 05:00:00,51.9575,4,Utility,23432,1999.0,2.0,13.3,4.0,9.4,0.0,1016.5,280.0,4.6,San Francisco,USA,CA
606,0,2016-03-19 13:00:00,55.0175,4,Utility,23432,1999.0,2.0,13.3,,10.6,0.0,1017.0,200.0,2.1,San Francisco,USA,CA
606,0,2016-03-19 14:00:00,53.7025,4,Utility,23432,1999.0,2.0,13.3,,10.6,0.0,1017.5,190.0,2.6,San Francisco,USA,CA
606,0,2016-03-21 16:00:00,56.0725,4,Utility,23432,1999.0,2.0,13.3,,10.0,0.0,1019.0,120.0,4.1,San Francisco,USA,CA
606,0,2016-03-21 22:00:00,51.8125,4,Utility,23432,1999.0,2.0,15.6,,10.6,-1.0,1017.5,220.0,7.7,San Francisco,USA,CA
606,0,2016-03-22 19:00:00,51.8375,4,Utility,23432,1999.0,2.0,15.6,4.0,6.1,0.0,1025.0,310.0,5.1,San Francisco,USA,CA
606,0,2016-03-23 18:00:00,50.97,4,Utility,23432,1999.0,2.0,13.9,4.0,6.1,0.0,1027.0,260.0,1.5,San Francisco,USA,CA
606,0,2016-03-24 05:00:00,51.0875,4,Utility,23432,1999.0,2.0,13.3,2.0,9.4,0.0,1026.0,300.0,4.6,San Francisco,USA,CA
606,0,2016-03-24 09:00:00,57.5175,4,Utility,23432,1999.0,2.0,11.1,0.0,8.3,0.0,1026.0,80.0,2.6,San Francisco,USA,CA
606,0,2016-03-24 14:00:00,55.8075,4,Utility,23432,1999.0,2.0,8.9,2.0,6.7,0.0,1025.0,70.0,1.5,San Francisco,USA,CA
606,0,2016-03-25 05:00:00,50.5875,4,Utility,23432,1999.0,2.0,14.4,2.0,10.0,0.0,1021.5,260.0,5.7,San Francisco,USA,CA
606,0,2016-03-25 15:00:00,54.68,4,Utility,23432,1999.0,2.0,12.8,,10.0,0.0,1019.5,190.0,3.6,San Francisco,USA,CA
606,0,2016-03-26 08:00:00,56.155,4,Utility,23432,1999.0,2.0,11.7,0.0,8.3,0.0,1015.5,50.0,1.5,San Francisco,USA,CA
606,0,2016-03-26 13:00:00,55.59,4,Utility,23432,1999.0,2.0,10.0,0.0,7.2,0.0,1015.0,60.0,1.5,San Francisco,USA,CA
606,0,2016-03-27 04:00:00,51.3125,4,Utility,23432,1999.0,2.0,15.0,4.0,11.7,0.0,1016.5,270.0,7.2,San Francisco,USA,CA
606,0,2016-03-27 18:00:00,51.5725,4,Utility,23432,1999.0,2.0,15.6,4.0,9.4,0.0,1019.5,240.0,6.7,San Francisco,USA,CA
606,0,2016-03-28 22:00:00,51.54,4,Utility,23432,1999.0,2.0,16.1,4.0,3.3,0.0,1012.5,280.0,9.3,San Francisco,USA,CA
606,0,2016-03-29 06:00:00,56.2975,4,Utility,23432,1999.0,2.0,12.2,0.0,1.7,0.0,1013.0,340.0,4.1,San Francisco,USA,CA
606,0,2016-03-31 13:00:00,64.2225,4,Utility,23432,1999.0,2.0,12.8,,7.8,0.0,1019.5,260.0,3.6,San Francisco,USA,CA
606,0,2016-03-31 18:00:00,51.91,4,Utility,23432,1999.0,2.0,14.4,,7.8,0.0,1020.5,0.0,0.0,San Francisco,USA,CA
606,0,2016-04-01 16:00:00,55.675,4,Utility,23432,1999.0,2.0,12.8,,7.8,0.0,1022.5,260.0,4.6,San Francisco,USA,CA
606,0,2016-04-02 03:00:00,50.8825,4,Utility,23432,1999.0,2.0,13.3,2.0,8.9,0.0,1021.5,280.0,7.2,San Francisco,USA,CA
606,0,2016-04-02 15:00:00,54.7325,4,Utility,23432,1999.0,2.0,11.7,,7.8,0.0,1023.0,290.0,2.1,San Francisco,USA,CA
606,0,2016-04-03 04:00:00,51.045,4,Utility,23432,1999.0,2.0,12.2,4.0,8.9,0.0,1020.5,280.0,5.7,San Francisco,USA,CA
606,0,2016-04-04 22:00:00,51.9525,4,Utility,23432,1999.0,2.0,19.4,2.0,9.4,0.0,1023.5,260.0,6.2,San Francisco,USA,CA
606,0,2016-04-05 05:00:00,52.745,4,Utility,23432,1999.0,2.0,13.3,0.0,8.9,0.0,1023.0,0.0,0.0,San Francisco,USA,CA
606,0,2016-04-06 13:00:00,55.2675,4,Utility,23432,1999.0,2.0,16.1,0.0,7.8,0.0,1019.5,140.0,3.6,San Francisco,USA,CA
606,0,2016-04-06 22:00:00,49.925,4,Utility,23432,1999.0,2.0,26.1,,8.9,0.0,1017.0,250.0,3.1,San Francisco,USA,CA
606,0,2016-04-08 14:00:00,59.79,4,Utility,23432,1999.0,2.0,15.0,,12.2,0.0,1012.0,330.0,3.1,San Francisco,USA,CA
606,0,2016-04-10 17:00:00,52.99,4,Utility,23432,1999.0,2.0,13.9,,12.2,,1012.5,270.0,5.1,San Francisco,USA,CA
606,0,2016-04-12 03:00:00,58.055,4,Utility,23432,1999.0,2.0,15.0,4.0,10.0,,1020.0,250.0,4.1,San Francisco,USA,CA
606,0,2016-04-12 07:00:00,64.2325,4,Utility,23432,1999.0,2.0,14.4,,10.6,,1021.5,250.0,4.1,San Francisco,USA,CA
606,0,2016-04-14 11:00:00,65.0425,4,Utility,23432,1999.0,2.0,12.8,,8.3,,1018.0,260.0,6.7,San Francisco,USA,CA
606,0,2016-04-14 20:00:00,58.4025,4,Utility,23432,1999.0,2.0,16.1,4.0,7.2,,1021.5,250.0,3.1,San Francisco,USA,CA
606,0,2016-04-15 02:00:00,57.15,4,Utility,23432,1999.0,2.0,15.0,,7.2,,1020.0,290.0,8.2,San Francisco,USA,CA
606,0,2016-04-15 15:00:00,56.5575,4,Utility,23432,1999.0,2.0,11.7,2.0,3.9,,1021.0,330.0,4.6,San Francisco,USA,CA
606,0,2016-04-17 09:00:00,54.3575,4,Utility,23432,1999.0,2.0,12.8,0.0,7.2,,1017.5,60.0,2.6,San Francisco,USA,CA
606,0,2016-04-17 15:00:00,51.905,4,Utility,23432,1999.0,2.0,15.0,2.0,8.9,,1017.0,0.0,0.0,San Francisco,USA,CA
606,0,2016-04-19 09:00:00,57.7725,4,Utility,23432,1999.0,2.0,14.4,,6.7,,1016.5,40.0,1.5,San Francisco,USA,CA
606,0,2016-04-19 11:00:00,57.335,4,Utility,23432,1999.0,2.0,13.9,,6.1,,1016.0,30.0,1.5,San Francisco,USA,CA
606,0,2016-04-20 20:00:00,52.21,4,Utility,23432,1999.0,2.0,22.2,4.0,6.7,,1014.5,310.0,4.6,San Francisco,USA,CA
606,0,2016-04-21 08:00:00,58.4375,4,Utility,23432,1999.0,2.0,15.0,,11.7,,1014.0,310.0,2.6,San Francisco,USA,CA
606,0,2016-04-21 11:00:00,59.05,4,Utility,23432,1999.0,2.0,16.7,,12.2,,1013.5,290.0,1.5,San Francisco,USA,CA
606,0,2016-04-23 08:00:00,52.49,4,Utility,23432,1999.0,2.0,13.9,2.0,8.9,,1020.0,270.0,7.2,San Francisco,USA,CA
606,0,2016-04-25 10:00:00,56.16,4,Utility,23432,1999.0,2.0,11.1,2.0,1.1,,1016.0,320.0,6.2,San Francisco,USA,CA
606,0,2016-04-25 12:00:00,57.0625,4,Utility,23432,1999.0,2.0,10.6,2.0,0.0,,1016.5,310.0,4.6,San Francisco,USA,CA
606,0,2016-04-25 20:00:00,54.3225,4,Utility,23432,1999.0,2.0,16.7,2.0,2.2,,1016.5,250.0,5.1,San Francisco,USA,CA
606,0,2016-04-26 10:00:00,61.8725,4,Utility,23432,1999.0,2.0,10.0,0.0,6.7,,1017.5,110.0,2.6,San Francisco,USA,CA
606,0,2016-04-26 22:00:00,54.3475,4,Utility,23432,1999.0,2.0,18.3,,6.1,,1018.0,250.0,7.7,San Francisco,USA,CA
606,0,2016-04-27 10:00:00,61.2625,4,Utility,23432,1999.0,2.0,12.8,4.0,7.2,,1016.5,290.0,7.7,San Francisco,USA,CA
606,0,2016-04-29 08:00:00,61.295,4,Utility,23432,1999.0,2.0,12.2,2.0,8.9,,1015.5,210.0,5.1,San Francisco,USA,CA
606,0,2016-04-30 19:00:00,52.665,4,Utility,23432,1999.0,2.0,23.3,0.0,6.1,,1012.0,360.0,4.1,San Francisco,USA,CA
606,0,2016-05-01 03:00:00,52.7325,4,Utility,23432,1999.0,2.0,19.4,2.0,9.4,,1009.5,300.0,3.1,San Francisco,USA,CA
606,0,2016-05-01 09:00:00,57.77,4,Utility,23432,1999.0,2.0,17.2,0.0,7.2,,1009.5,30.0,2.6,San Francisco,USA,CA
606,0,2016-05-01 14:00:00,54.3525,4,Utility,23432,1999.0,2.0,15.0,0.0,8.3,,1010.0,120.0,2.6,San Francisco,USA,CA
606,0,2016-05-02 02:00:00,54.565,4,Utility,23432,1999.0,2.0,19.4,2.0,8.9,,1011.0,330.0,6.7,San Francisco,USA,CA
606,0,2016-05-02 08:00:00,60.265,4,Utility,23432,1999.0,2.0,13.3,2.0,10.6,,1014.5,340.0,2.6,San Francisco,USA,CA
606,0,2016-05-02 21:00:00,54.74,4,Utility,23432,1999.0,2.0,19.4,4.0,11.1,,1017.5,300.0,6.7,San Francisco,USA,CA
606,0,2016-05-04 21:00:00,55.3025,4,Utility,23432,1999.0,2.0,18.3,,9.4,0.0,1012.5,270.0,4.1,San Francisco,USA,CA
606,0,2016-05-05 09:00:00,60.2825,4,Utility,23432,1999.0,2.0,15.6,,10.0,0.0,1011.5,240.0,2.6,San Francisco,USA,CA
606,0,2016-05-05 20:00:00,56.3375,4,Utility,23432,1999.0,2.0,17.2,,10.0,0.0,1011.5,200.0,2.1,San Francisco,USA,CA
606,0,2016-05-06 09:00:00,60.645,4,Utility,23432,1999.0,2.0,13.9,,10.0,0.0,1011.5,280.0,2.6,San Francisco,USA,CA
606,0,2016-05-06 17:00:00,57.2775,4,Utility,23432,1999.0,2.0,13.9,,10.0,0.0,1011.5,250.0,6.2,San Francisco,USA,CA
606,0,2016-05-07 20:00:00,54.215,4,Utility,23432,1999.0,2.0,15.6,,11.7,,1014.5,260.0,3.1,San Francisco,USA,CA
606,0,2016-05-08 05:00:00,55.6837,4,Utility,23432,1999.0,2.0,14.4,,11.1,,,350.0,2.1,San Francisco,USA,CA
606,0,2016-05-08 18:00:00,54.6675,4,Utility,23432,1999.0,2.0,16.7,,11.7,,1015.0,280.0,4.6,San Francisco,USA,CA
606,0,2016-05-10 09:00:00,56.935,4,Utility,23432,1999.0,2.0,12.8,,9.4,,1015.0,270.0,2.1,San Francisco,USA,CA
606,0,2016-05-10 12:00:00,54.11,4,Utility,23432,1999.0,2.0,12.2,,10.0,,1015.0,260.0,2.6,San Francisco,USA,CA
606,0,2016-05-13 11:00:00,54.41,4,Utility,23432,1999.0,2.0,13.9,,8.9,0.0,1016.5,280.0,3.1,San Francisco,USA,CA
606,0,2016-05-13 23:00:00,50.06,4,Utility,23432,1999.0,2.0,18.9,2.0,8.9,0.0,1016.5,270.0,8.2,San Francisco,USA,CA
606,0,2016-05-14 09:00:00,54.5725,4,Utility,23432,1999.0,2.0,13.9,2.0,7.2,0.0,1017.5,250.0,4.1,San Francisco,USA,CA
606,0,2016-05-14 20:00:00,47.4,4,Utility,23432,1999.0,2.0,18.9,,10.6,0.0,1017.5,,2.6,San Francisco,USA,CA
606,0,2016-05-16 18:00:00,49.2925,4,Utility,23432,1999.0,2.0,17.2,2.0,10.6,0.0,1015.5,200.0,3.1,San Francisco,USA,CA
606,0,2016-05-18 20:00:00,47.6725,4,Utility,23432,1999.0,2.0,23.3,2.0,12.8,0.0,1014.5,290.0,7.2,San Francisco,USA,CA
606,0,2016-05-19 10:00:00,55.5225,4,Utility,23432,1999.0,2.0,13.9,4.0,10.0,0.0,1013.0,260.0,7.7,San Francisco,USA,CA
606,0,2016-05-22 11:00:00,52.775,4,Utility,23432,1999.0,2.0,13.3,,8.9,0.0,1018.5,260.0,3.1,San Francisco,USA,CA
606,0,2016-05-23 13:00:00,56.28,4,Utility,23432,1999.0,2.0,13.3,,8.9,0.0,1015.0,260.0,3.6,San Francisco,USA,CA
606,0,2016-05-23 15:00:00,51.1275,4,Utility,23432,1999.0,2.0,14.4,,8.9,0.0,1015.5,280.0,3.6,San Francisco,USA,CA
606,0,2016-05-23 17:00:00,51.17,4,Utility,23432,1999.0,2.0,16.1,,8.9,0.0,1015.0,240.0,5.1,San Francisco,USA,CA
606,0,2016-05-26 02:00:00,49.0225,4,Utility,23432,1999.0,2.0,16.1,,10.0,0.0,1019.5,260.0,6.7,San Francisco,USA,CA
606,0,2016-05-26 06:00:00,54.34,4,Utility,23432,1999.0,2.0,14.4,,10.0,0.0,1020.5,250.0,6.7,San Francisco,USA,CA
606,0,2016-05-26 15:00:00,50.3675,4,Utility,23432,1999.0,2.0,15.0,,10.0,0.0,1019.0,200.0,3.6,San Francisco,USA,CA
606,0,2016-05-27 02:00:00,48.14,4,Utility,23432,1999.0,2.0,16.1,2.0,8.9,0.0,1017.0,270.0,6.7,San Francisco,USA,CA
606,0,2016-05-27 20:00:00,47.96,4,Utility,23432,1999.0,2.0,21.7,2.0,10.6,0.0,1013.5,310.0,6.2,San Francisco,USA,CA
606,0,2016-05-28 05:00:00,48.375,4,Utility,23432,1999.0,2.0,17.2,2.0,10.6,0.0,1011.0,290.0,4.1,San Francisco,USA,CA
606,0,2016-05-28 18:00:00,49.175,4,Utility,23432,1999.0,2.0,23.3,4.0,7.8,0.0,1011.0,300.0,2.6,San Francisco,USA,CA
606,0,2016-05-29 06:00:00,55.545,4,Utility,23432,1999.0,2.0,15.6,2.0,10.6,0.0,1012.5,300.0,4.1,San Francisco,USA,CA
606,0,2016-05-29 16:00:00,49.505,4,Utility,23432,1999.0,2.0,16.1,2.0,10.6,0.0,1015.5,290.0,2.6,San Francisco,USA,CA
606,0,2016-05-29 18:00:00,48.815,4,Utility,23432,1999.0,2.0,18.3,2.0,10.6,0.0,1015.5,,2.6,San Francisco,USA,CA
606,0,2016-05-30 01:00:00,48.005,4,Utility,23432,1999.0,2.0,17.2,2.0,10.6,-1.0,1014.5,310.0,7.7,San Francisco,USA,CA
606,0,2016-06-01 00:00:00,53.5525,4,Utility,23432,1999.0,2.0,23.9,2.0,11.7,0.0,1009.5,300.0,5.1,San Francisco,USA,CA
606,0,2016-06-02 19:00:00,54.205,4,Utility,23432,1999.0,2.0,20.0,2.0,11.7,0.0,1016.0,300.0,5.1,San Francisco,USA,CA
606,0,2016-06-02 23:00:00,55.2325,4,Utility,23432,1999.0,2.0,23.9,2.0,11.7,0.0,1014.5,290.0,6.2,San Francisco,USA,CA
606,0,2016-06-03 04:00:00,55.705,4,Utility,23432,1999.0,2.0,15.6,2.0,11.7,0.0,1015.5,290.0,4.1,San Francisco,USA,CA
606,0,2016-06-03 06:00:00,59.2175,4,Utility,23432,1999.0,2.0,15.0,2.0,11.7,0.0,1016.0,300.0,2.6,San Francisco,USA,CA
606,0,2016-06-03 09:00:00,60.7475,4,Utility,23432,1999.0,2.0,14.4,0.0,11.7,0.0,1015.5,320.0,1.5,San Francisco,USA,CA
606,0,2016-06-04 00:00:00,47.31,4,Utility,23432,1999.0,2.0,28.9,,11.7,0.0,1013.0,300.0,6.7,San Francisco,USA,CA
606,0,2016-06-04 13:00:00,52.9025,4,Utility,23432,1999.0,2.0,16.1,,11.7,0.0,1011.5,0.0,0.0,San Francisco,USA,CA
606,0,2016-06-04 14:00:00,51.2025,4,Utility,23432,1999.0,2.0,16.7,,12.8,0.0,1011.5,0.0,0.0,San Francisco,USA,CA
606,0,2016-06-07 01:00:00,48.19,4,Utility,23432,1999.0,2.0,18.9,2.0,11.7,0.0,1009.5,300.0,6.2,San Francisco,USA,CA
606,0,2016-06-07 18:00:00,49.4275,4,Utility,23432,1999.0,2.0,18.3,,12.2,0.0,1013.0,290.0,4.6,San Francisco,USA,CA
606,0,2016-06-07 21:00:00,48.325,4,Utility,23432,1999.0,2.0,21.1,4.0,12.2,0.0,1013.0,300.0,7.7,San Francisco,USA,CA
606,0,2016-06-08 09:00:00,54.3875,4,Utility,23432,1999.0,2.0,15.0,,11.7,0.0,1014.5,270.0,5.1,San Francisco,USA,CA
606,0,2016-06-09 06:00:00,53.4275,4,Utility,23432,1999.0,2.0,16.1,,11.7,0.0,1014.5,260.0,6.2,San Francisco,USA,CA
606,0,2016-06-09 13:00:00,61.96,4,Utility,23432,1999.0,2.0,15.0,,10.6,0.0,1013.5,260.0,5.7,San Francisco,USA,CA
606,0,2016-06-09 21:00:00,53.6525,4,Utility,23432,1999.0,2.0,17.8,,11.1,0.0,1015.0,260.0,6.2,San Francisco,USA,CA
606,0,2016-06-10 14:00:00,52.0525,4,Utility,23432,1999.0,2.0,14.4,2.0,10.6,0.0,1015.0,230.0,5.1,San Francisco,USA,CA
606,0,2016-06-10 18:00:00,50.5375,4,Utility,23432,1999.0,2.0,18.3,4.0,11.1,0.0,1016.5,250.0,6.2,San Francisco,USA,CA
606,0,2016-06-11 01:00:00,48.7725,4,Utility,23432,1999.0,2.0,17.8,,8.9,0.0,1015.0,260.0,7.7,San Francisco,USA,CA
606,0,2016-06-13 22:00:00,50.0975,4,Utility,23432,1999.0,2.0,19.4,2.0,9.4,0.0,1019.0,270.0,8.8,San Francisco,USA,CA
606,0,2016-06-13 23:00:00,49.9875,4,Utility,23432,1999.0,2.0,18.9,2.0,9.4,0.0,1018.5,270.0,6.2,San Francisco,USA,CA
606,0,2016-06-15 08:00:00,55.91,4,Utility,23432,1999.0,2.0,13.3,2.0,8.3,0.0,1014.0,280.0,9.3,San Francisco,USA,CA
606,0,2016-06-15 10:00:00,54.045,4,Utility,23432,1999.0,2.0,13.3,2.0,8.3,0.0,1013.5,270.0,11.3,San Francisco,USA,CA
606,0,2016-06-16 11:00:00,53.515,4,Utility,23432,1999.0,2.0,15.0,,8.9,0.0,1018.0,220.0,3.6,San Francisco,USA,CA
606,0,2016-06-16 13:00:00,56.0475,4,Utility,23432,1999.0,2.0,15.0,,8.3,0.0,1018.5,140.0,2.6,San Francisco,USA,CA
606,0,2016-06-18 10:00:00,56.62,4,Utility,23432,1999.0,2.0,15.0,,10.0,0.0,1020.0,270.0,6.2,San Francisco,USA,CA
606,0,2016-06-18 18:00:00,52.9975,4,Utility,23432,1999.0,2.0,20.0,2.0,9.4,0.0,1022.5,270.0,5.1,San Francisco,USA,CA
606,0,2016-06-19 07:00:00,59.1575,4,Utility,23432,1999.0,2.0,17.8,0.0,11.1,0.0,1019.5,310.0,2.6,San Francisco,USA,CA
606,0,2016-06-19 13:00:00,56.6525,4,Utility,23432,1999.0,2.0,14.4,2.0,8.9,0.0,1018.5,50.0,1.5,San Francisco,USA,CA
606,0,2016-06-21 06:00:00,57.7575,4,Utility,23432,1999.0,2.0,16.1,,11.1,0.0,1018.0,290.0,3.1,San Francisco,USA,CA
606,0,2016-06-21 07:00:00,60.995,4,Utility,23432,1999.0,2.0,16.1,,11.1,0.0,1018.0,270.0,4.1,San Francisco,USA,CA
606,0,2016-06-22 18:00:00,54.9625,4,Utility,23432,1999.0,2.0,16.1,,10.6,0.0,1016.5,,3.1,San Francisco,USA,CA
606,0,2016-06-23 04:00:00,54.445,4,Utility,23432,1999.0,2.0,15.0,2.0,10.0,0.0,1016.0,260.0,4.6,San Francisco,USA,CA
606,0,2016-06-23 15:00:00,55.155,4,Utility,23432,1999.0,2.0,15.6,4.0,10.6,0.0,1018.5,0.0,0.0,San Francisco,USA,CA
606,0,2016-06-25 22:00:00,49.49,4,Utility,23432,1999.0,2.0,25.0,2.0,11.7,0.0,1014.0,290.0,8.8,San Francisco,USA,CA
606,0,2016-06-26 04:00:00,47.65,4,Utility,23432,1999.0,2.0,17.2,2.0,10.6,0.0,1013.5,280.0,6.7,San Francisco,USA,CA
606,0,2016-06-27 22:00:00,55.3775,4,Utility,23432,1999.0,2.0,22.8,0.0,11.1,0.0,1015.0,290.0,7.7,San Francisco,USA,CA
606,0,2016-06-29 03:00:00,55.665,4,Utility,23432,1999.0,2.0,16.1,2.0,10.6,0.0,1014.0,280.0,5.7,San Francisco,USA,CA
606,0,2016-06-30 03:00:00,51.3275,4,Utility,23432,1999.0,2.0,14.4,,10.0,0.0,1014.5,280.0,3.6,San Francisco,USA,CA
606,0,2016-07-02 14:00:00,49.0375,4,Utility,23432,1999.0,2.0,14.4,,10.6,0.0,1013.5,20.0,1.5,San Francisco,USA,CA
606,0,2016-07-07 01:00:00,47.0775,4,Utility,23432,1999.0,2.0,16.1,,10.6,0.0,1016.0,260.0,7.7,San Francisco,USA,CA
606,0,2016-07-07 15:00:00,50.05,4,Utility,23432,1999.0,2.0,13.9,,10.6,0.0,1016.5,230.0,6.7,San Francisco,USA,CA
606,0,2016-07-08 14:00:00,52.5625,4,Utility,23432,1999.0,2.0,13.3,,11.7,-1.0,1016.5,270.0,4.6,San Francisco,USA,CA
606,0,2016-07-10 01:00:00,47.0075,4,Utility,23432,1999.0,2.0,18.9,2.0,12.2,0.0,1019.0,260.0,6.7,San Francisco,USA,CA
606,0,2016-07-11 00:00:00,47.305,4,Utility,23432,1999.0,2.0,23.9,0.0,11.1,0.0,1016.0,270.0,5.7,San Francisco,USA,CA
606,0,2016-07-12 01:00:00,48.355,4,Utility,23432,1999.0,2.0,20.0,2.0,11.1,0.0,1013.0,270.0,6.7,San Francisco,USA,CA
606,0,2016-07-12 02:00:00,49.115,4,Utility,23432,1999.0,2.0,18.9,2.0,11.1,0.0,1012.5,260.0,5.1,San Francisco,USA,CA
606,0,2016-07-13 03:00:00,50.82,4,Utility,23432,1999.0,2.0,17.2,2.0,11.7,0.0,1014.0,260.0,5.1,San Francisco,USA,CA
606,0,2016-07-13 19:00:00,47.7225,4,Utility,23432,1999.0,2.0,22.2,0.0,11.7,0.0,1016.0,260.0,2.6,San Francisco,USA,CA
606,0,2016-07-14 07:00:00,55.7325,4,Utility,23432,1999.0,2.0,16.1,0.0,12.2,0.0,1014.5,300.0,3.6,San Francisco,USA,CA
606,0,2016-07-14 12:00:00,55.0875,4,Utility,23432,1999.0,2.0,15.0,0.0,11.7,0.0,1014.0,300.0,4.1,San Francisco,USA,CA
606,0,2016-07-16 08:00:00,52.905,4,Utility,23432,1999.0,2.0,15.0,,12.2,0.0,1012.0,350.0,3.6,San Francisco,USA,CA
606,0,2016-07-18 03:00:00,50.1625,4,Utility,23432,1999.0,2.0,15.6,,12.2,0.0,1015.0,260.0,7.2,San Francisco,USA,CA
606,0,2016-07-18 06:00:00,52.5675,4,Utility,23432,1999.0,2.0,15.0,,11.7,0.0,1016.0,250.0,8.2,San Francisco,USA,CA
606,0,2016-07-19 13:00:00,54.31,4,Utility,23432,1999.0,2.0,14.4,,10.6,0.0,1019.0,250.0,4.6,San Francisco,USA,CA
606,0,2016-07-20 11:00:00,53.0425,4,Utility,23432,1999.0,2.0,13.9,,10.6,0.0,1018.0,350.0,2.1,San Francisco,USA,CA
606,0,2016-07-22 11:00:00,59.135,4,Utility,23432,1999.0,2.0,15.0,4.0,12.8,0.0,1018.5,190.0,3.1,San Francisco,USA,CA
606,0,2016-07-23 09:00:00,50.76,4,Utility,23432,1999.0,2.0,15.0,0.0,12.8,0.0,1015.5,0.0,0.0,San Francisco,USA,CA
606,0,2016-07-24 12:00:00,51.5425,4,Utility,23432,1999.0,2.0,13.9,0.0,11.7,0.0,1010.5,0.0,0.0,San Francisco,USA,CA
606,0,2016-07-25 13:00:00,54.6825,4,Utility,23432,1999.0,2.0,14.4,,12.2,0.0,1013.5,230.0,2.6,San Francisco,USA,CA
606,0,2016-07-25 19:00:00,47.7725,4,Utility,23432,1999.0,2.0,20.6,2.0,13.9,0.0,1014.0,300.0,4.6,San Francisco,USA,CA
606,0,2016-07-26 16:00:00,49.13,4,Utility,23432,1999.0,2.0,18.9,4.0,13.9,0.0,1013.5,300.0,2.6,San Francisco,USA,CA
606,0,2016-07-26 21:00:00,49.4125,4,Utility,23432,1999.0,2.0,28.3,2.0,13.9,0.0,1012.0,310.0,6.2,San Francisco,USA,CA
606,0,2016-07-28 02:00:00,49.05,4,Utility,23432,1999.0,2.0,18.3,,12.8,0.0,1011.5,300.0,8.8,San Francisco,USA,CA
606,0,2016-07-28 06:00:00,52.265,4,Utility,23432,1999.0,2.0,15.0,4.0,12.8,0.0,1013.0,310.0,3.6,San Francisco,USA,CA
606,0,2016-07-29 00:00:00,46.0425,4,Utility,23432,1999.0,2.0,20.6,2.0,12.8,0.0,1011.0,290.0,9.8,San Francisco,USA,CA
606,0,2016-07-29 10:00:00,52.6025,4,Utility,23432,1999.0,2.0,13.9,,12.8,0.0,1011.0,300.0,4.6,San Francisco,USA,CA
606,0,2016-07-31 00:00:00,46.675,4,Utility,23432,1999.0,2.0,19.4,2.0,13.9,0.0,1010.0,310.0,6.7,San Francisco,USA,CA
606,0,2016-08-02 01:00:00,46.435,4,Utility,23432,1999.0,2.0,20.0,2.0,12.8,0.0,1014.0,300.0,7.7,San Francisco,USA,CA
606,0,2016-08-02 08:00:00,54.2625,4,Utility,23432,1999.0,2.0,14.4,4.0,12.8,0.0,1016.0,300.0,4.1,San Francisco,USA,CA
606,0,2016-08-03 00:00:00,46.5475,4,Utility,23432,1999.0,2.0,20.0,2.0,13.3,0.0,1014.5,290.0,7.7,San Francisco,USA,CA
606,0,2016-08-03 02:00:00,48.2275,4,Utility,23432,1999.0,2.0,18.9,2.0,13.9,0.0,1014.0,290.0,6.2,San Francisco,USA,CA
606,0,2016-08-03 09:00:00,53.0325,4,Utility,23432,1999.0,2.0,14.4,0.0,12.2,0.0,1015.0,330.0,2.1,San Francisco,USA,CA
606,0,2016-08-04 02:00:00,47.5425,4,Utility,23432,1999.0,2.0,16.1,2.0,12.8,0.0,1013.5,290.0,8.2,San Francisco,USA,CA
606,0,2016-08-04 06:00:00,51.705,4,Utility,23432,1999.0,2.0,14.4,,11.7,0.0,1014.0,300.0,3.1,San Francisco,USA,CA
606,0,2016-08-04 20:00:00,47.4275,4,Utility,23432,1999.0,2.0,17.8,,11.7,0.0,1015.0,280.0,6.2,San Francisco,USA,CA
606,0,2016-08-05 15:00:00,49.86,4,Utility,23432,1999.0,2.0,16.1,,12.2,0.0,1013.0,240.0,6.2,San Francisco,USA,CA
606,0,2016-08-05 18:00:00,48.095,4,Utility,23432,1999.0,2.0,16.7,,12.2,0.0,1014.0,280.0,3.6,San Francisco,USA,CA
606,0,2016-08-06 03:00:00,48.5925,4,Utility,23432,1999.0,2.0,15.6,4.0,12.2,0.0,1012.5,300.0,6.2,San Francisco,USA,CA
606,0,2016-08-06 06:00:00,51.555,4,Utility,23432,1999.0,2.0,14.4,,12.2,0.0,1013.0,300.0,4.6,San Francisco,USA,CA
606,0,2016-08-06 16:00:00,49.3275,4,Utility,23432,1999.0,2.0,14.4,,12.2,0.0,1013.0,260.0,5.7,San Francisco,USA,CA
606,0,2016-08-07 13:00:00,50.945,4,Utility,23432,1999.0,2.0,14.4,,11.1,0.0,1012.5,240.0,5.1,San Francisco,USA,CA
606,0,2016-08-08 19:00:00,47.335,4,Utility,23432,1999.0,2.0,18.3,0.0,12.8,0.0,1011.5,,1.5,San Francisco,USA,CA
606,0,2016-08-09 20:00:00,47.07,4,Utility,23432,1999.0,2.0,21.1,0.0,12.8,0.0,1011.0,230.0,2.6,San Francisco,USA,CA
606,0,2016-08-10 05:00:00,46.58,4,Utility,23432,1999.0,2.0,15.6,2.0,13.3,0.0,1010.5,0.0,0.0,San Francisco,USA,CA
606,0,2016-08-10 18:00:00,47.7,4,Utility,23432,1999.0,2.0,18.3,2.0,13.9,0.0,1013.0,,2.1,San Francisco,USA,CA
606,0,2016-08-11 01:00:00,46.625,4,Utility,23432,1999.0,2.0,18.3,2.0,13.3,0.0,1012.0,310.0,7.7,San Francisco,USA,CA
606,0,2016-08-11 22:00:00,48.045,4,Utility,23432,1999.0,2.0,21.1,2.0,13.9,0.0,1016.0,300.0,7.7,San Francisco,USA,CA
606,0,2016-08-12 17:00:00,49.655,4,Utility,23432,1999.0,2.0,16.1,,13.3,0.0,1018.0,260.0,2.1,San Francisco,USA,CA
606,0,2016-08-15 07:00:00,54.375,4,Utility,23432,1999.0,2.0,13.9,,12.8,0.0,1013.5,300.0,6.2,San Francisco,USA,CA
606,0,2016-08-16 02:00:00,46.78,4,Utility,23432,1999.0,2.0,17.2,2.0,13.3,0.0,1012.5,290.0,7.2,San Francisco,USA,CA
606,0,2016-08-18 04:00:00,46.7225,4,Utility,23432,1999.0,2.0,15.6,,13.9,0.0,1010.0,320.0,5.7,San Francisco,USA,CA
606,0,2016-08-20 00:00:00,46.2725,4,Utility,23432,1999.0,2.0,19.4,2.0,13.9,0.0,1012.5,300.0,7.2,San Francisco,USA,CA
606,0,2016-08-20 14:00:00,48.585,4,Utility,23432,1999.0,2.0,15.6,,13.3,0.0,1014.0,330.0,1.5,San Francisco,USA,CA
606,0,2016-08-20 15:00:00,48.395,4,Utility,23432,1999.0,2.0,16.1,,13.9,0.0,1014.5,310.0,2.6,San Francisco,USA,CA
606,0,2016-08-20 20:00:00,47.04,4,Utility,23432,1999.0,2.0,18.9,2.0,13.3,0.0,1014.5,310.0,6.2,San Francisco,USA,CA
606,0,2016-08-21 22:00:00,48.85,4,Utility,23432,1999.0,2.0,20.0,2.0,13.3,0.0,1013.0,290.0,8.8,San Francisco,USA,CA
606,0,2016-08-22 08:00:00,54.8225,4,Utility,23432,1999.0,2.0,16.1,,13.3,0.0,1014.0,280.0,4.1,San Francisco,USA,CA
606,0,2016-08-23 12:00:00,54.23,4,Utility,23432,1999.0,2.0,16.1,,12.8,0.0,1016.0,250.0,3.1,San Francisco,USA,CA
606,0,2016-08-25 05:00:00,47.3025,4,Utility,23432,1999.0,2.0,15.6,,13.3,0.0,1016.0,290.0,5.7,San Francisco,USA,CA
606,0,2016-08-25 22:00:00,48.945,4,Utility,23432,1999.0,2.0,19.4,2.0,13.3,0.0,1013.0,300.0,6.2,San Francisco,USA,CA
606,0,2016-08-26 22:00:00,49.17,4,Utility,23432,1999.0,2.0,22.2,2.0,13.9,0.0,1014.0,250.0,3.6,San Francisco,USA,CA
606,0,2016-08-27 17:00:00,49.63,4,Utility,23432,1999.0,2.0,17.8,,12.8,0.0,1016.5,210.0,2.1,San Francisco,USA,CA
606,0,2016-08-27 21:00:00,47.62,4,Utility,23432,1999.0,2.0,21.7,2.0,13.3,0.0,1016.5,270.0,5.7,San Francisco,USA,CA
606,0,2016-08-28 05:00:00,47.69,4,Utility,23432,1999.0,2.0,17.2,2.0,12.8,0.0,1017.0,270.0,5.1,San Francisco,USA,CA
606,0,2016-08-28 10:00:00,50.9475,4,Utility,23432,1999.0,2.0,17.2,,12.2,0.0,1017.5,260.0,5.1,San Francisco,USA,CA
606,0,2016-08-28 21:00:00,47.6475,4,Utility,23432,1999.0,2.0,21.7,2.0,12.8,0.0,1018.5,290.0,5.7,San Francisco,USA,CA
606,0,2016-08-29 08:00:00,53.91,4,Utility,23432,1999.0,2.0,15.6,2.0,12.2,0.0,1019.0,280.0,5.1,San Francisco,USA,CA
606,0,2016-08-30 08:00:00,55.2025,4,Utility,23432,1999.0,2.0,16.7,,13.9,0.0,1016.5,220.0,4.1,San Francisco,USA,CA
606,0,2016-09-01 14:00:00,51.16,4,Utility,23432,1999.0,2.0,16.1,,13.9,0.0,1014.5,240.0,5.1,San Francisco,USA,CA
606,0,2016-09-01 18:00:00,48.2575,4,Utility,23432,1999.0,2.0,16.1,,13.3,0.0,1016.0,240.0,4.1,San Francisco,USA,CA
606,0,2016-09-02 02:00:00,48.1975,4,Utility,23432,1999.0,2.0,16.7,,13.3,0.0,1013.5,220.0,2.6,San Francisco,USA,CA
606,0,2016-09-02 03:00:00,49.6125,4,Utility,23432,1999.0,2.0,16.7,,13.3,0.0,1013.5,10.0,1.5,San Francisco,USA,CA
606,0,2016-09-02 15:00:00,49.96,4,Utility,23432,1999.0,2.0,16.7,4.0,13.3,0.0,1013.5,210.0,2.1,San Francisco,USA,CA
606,0,2016-09-04 03:00:00,48.515,4,Utility,23432,1999.0,2.0,16.1,,11.7,0.0,1010.0,270.0,6.2,San Francisco,USA,CA
606,0,2016-09-04 10:00:00,51.18,4,Utility,23432,1999.0,2.0,15.0,,11.1,0.0,1009.5,270.0,4.1,San Francisco,USA,CA
606,0,2016-09-05 18:00:00,46.56,4,Utility,23432,1999.0,2.0,17.2,0.0,11.7,0.0,1011.5,210.0,2.6,San Francisco,USA,CA
606,0,2016-09-08 00:00:00,47.12,4,Utility,23432,1999.0,2.0,27.2,0.0,13.9,0.0,1012.5,310.0,5.7,San Francisco,USA,CA
606,0,2016-09-08 05:00:00,47.0425,4,Utility,23432,1999.0,2.0,19.4,0.0,13.9,0.0,1015.0,310.0,5.7,San Francisco,USA,CA
606,0,2016-09-08 21:00:00,48.28,4,Utility,23432,1999.0,2.0,21.1,2.0,14.4,0.0,1018.5,300.0,6.7,San Francisco,USA,CA
606,0,2016-09-09 01:00:00,47.49,4,Utility,23432,1999.0,2.0,18.3,2.0,13.3,0.0,1017.0,300.0,6.7,San Francisco,USA,CA
606,0,2016-09-11 02:00:00,48.28,4,Utility,23432,1999.0,2.0,16.1,2.0,12.8,0.0,1017.0,300.0,7.2,San Francisco,USA,CA
606,0,2016-09-11 11:00:00,51.16,4,Utility,23432,1999.0,2.0,15.6,,12.2,0.0,1017.5,290.0,3.6,San Francisco,USA,CA
606,0,2016-09-16 19:00:00,47.8675,4,Utility,23432,1999.0,2.0,16.7,2.0,12.2,0.0,1016.0,240.0,2.1,San Francisco,USA,CA
606,0,2016-09-18 01:00:00,46.2575,4,Utility,23432,1999.0,2.0,20.0,2.0,13.9,0.0,1014.0,300.0,6.2,San Francisco,USA,CA
606,0,2016-09-18 08:00:00,52.175,4,Utility,23432,1999.0,2.0,15.0,0.0,13.3,0.0,1014.0,320.0,1.5,San Francisco,USA,CA
606,0,2016-09-19 15:00:00,48.585,4,Utility,23432,1999.0,2.0,16.7,4.0,14.4,0.0,1013.0,0.0,0.0,San Francisco,USA,CA
606,0,2016-09-20 01:00:00,47.3875,4,Utility,23432,1999.0,2.0,24.4,4.0,15.6,0.0,1011.5,300.0,3.6,San Francisco,USA,CA
606,0,2016-09-21 14:00:00,51.2675,4,Utility,23432,1999.0,2.0,15.6,,11.1,0.0,1013.5,280.0,4.6,San Francisco,USA,CA
606,0,2016-09-22 03:00:00,50.5525,4,Utility,23432,1999.0,2.0,17.2,2.0,10.6,0.0,1013.0,270.0,9.8,San Francisco,USA,CA
606,0,2016-09-22 23:00:00,49.57,4,Utility,23432,1999.0,2.0,21.1,2.0,11.1,0.0,1017.0,280.0,7.7,San Francisco,USA,CA
606,0,2016-09-23 17:00:00,50.6575,4,Utility,23432,1999.0,2.0,17.2,2.0,12.2,0.0,1021.5,170.0,3.1,San Francisco,USA,CA
606,0,2016-09-23 19:00:00,48.1075,4,Utility,23432,1999.0,2.0,19.4,2.0,12.2,0.0,,240.0,3.1,San Francisco,USA,CA
606,0,2016-09-24 00:00:00,47.575,4,Utility,23432,1999.0,2.0,21.1,,11.1,0.0,1019.5,260.0,5.7,San Francisco,USA,CA
606,0,2016-09-24 12:00:00,50.7825,4,Utility,23432,1999.0,2.0,14.4,0.0,11.7,0.0,1019.5,60.0,2.6,San Francisco,USA,CA
606,0,2016-09-24 14:00:00,47.8375,4,Utility,23432,1999.0,2.0,13.3,0.0,11.1,0.0,1020.0,0.0,0.0,San Francisco,USA,CA
606,0,2016-09-24 18:00:00,46.2775,4,Utility,23432,1999.0,2.0,20.6,0.0,13.3,0.0,1020.5,230.0,2.1,San Francisco,USA,CA
606,0,2016-09-26 19:00:00,49.25,4,Utility,23432,1999.0,2.0,28.3,0.0,11.1,0.0,1015.5,290.0,4.1,San Francisco,USA,CA
606,0,2016-09-27 23:00:00,49.2975,4,Utility,23432,1999.0,2.0,26.7,0.0,11.1,0.0,1010.5,310.0,5.1,San Francisco,USA,CA
606,0,2016-09-28 08:00:00,54.3375,4,Utility,23432,1999.0,2.0,15.0,0.0,13.3,0.0,1011.0,320.0,2.1,San Francisco,USA,CA
606,0,2016-09-28 19:00:00,48.72,4,Utility,23432,1999.0,2.0,19.4,2.0,13.3,0.0,1012.5,300.0,5.1,San Francisco,USA,CA
606,0,2016-09-29 23:00:00,49.38,4,Utility,23432,1999.0,2.0,17.2,2.0,11.1,0.0,1018.0,290.0,6.2,San Francisco,USA,CA
606,0,2016-09-30 11:00:00,61.4925,4,Utility,23432,1999.0,2.0,13.3,,11.1,0.0,1019.5,260.0,4.1,San Francisco,USA,CA
606,0,2016-09-30 18:00:00,49.19,4,Utility,23432,1999.0,2.0,17.8,2.0,9.4,0.0,1020.5,270.0,6.7,San Francisco,USA,CA
606,0,2016-10-01 11:00:00,52.8575,4,Utility,23432,1999.0,2.0,11.1,2.0,9.4,0.0,1020.0,0.0,0.0,San Francisco,USA,CA
606,0,2016-10-01 21:00:00,50.1475,4,Utility,23432,1999.0,2.0,21.1,2.0,11.7,0.0,1019.0,270.0,6.2,San Francisco,USA,CA
606,0,2016-10-02 02:00:00,50.685,4,Utility,23432,1999.0,2.0,18.3,2.0,10.6,0.0,1017.0,290.0,7.2,San Francisco,USA,CA
606,0,2016-10-02 03:00:00,50.5925,4,Utility,23432,1999.0,2.0,17.2,2.0,11.1,0.0,1017.0,290.0,6.2,San Francisco,USA,CA
606,0,2016-10-02 10:00:00,53.1325,4,Utility,23432,1999.0,2.0,15.0,0.0,11.1,0.0,1017.5,270.0,4.6,San Francisco,USA,CA
606,0,2016-10-03 19:00:00,49.045,4,Utility,23432,1999.0,2.0,16.7,,10.6,-1.0,1020.0,150.0,3.1,San Francisco,USA,CA
606,0,2016-10-04 03:00:00,48.7375,4,Utility,23432,1999.0,2.0,18.3,,10.0,0.0,1016.0,140.0,2.6,San Francisco,USA,CA
606,0,2016-10-05 20:00:00,49.1275,4,Utility,23432,1999.0,2.0,22.2,0.0,6.7,0.0,1018.5,280.0,5.7,San Francisco,USA,CA
606,0,2016-10-06 05:00:00,48.55,4,Utility,23432,1999.0,2.0,16.7,0.0,11.7,0.0,1017.5,300.0,2.1,San Francisco,USA,CA
606,0,2016-10-06 17:00:00,50.97,4,Utility,23432,1999.0,2.0,16.7,2.0,11.7,0.0,1018.5,,1.5,San Francisco,USA,CA
606,0,2016-10-09 01:00:00,49.35,4,Utility,23432,1999.0,2.0,26.1,2.0,9.4,0.0,1011.0,300.0,4.6,San Francisco,USA,CA
606,0,2016-10-09 16:00:00,50.3975,4,Utility,23432,1999.0,2.0,18.3,0.0,10.0,0.0,1014.5,0.0,0.0,San Francisco,USA,CA
606,0,2016-10-12 03:00:00,50.0575,4,Utility,23432,1999.0,2.0,15.6,4.0,10.6,0.0,1017.5,280.0,4.1,San Francisco,USA,CA
606,0,2016-10-12 09:00:00,53.2925,4,Utility,23432,1999.0,2.0,13.9,,11.7,0.0,1018.5,310.0,3.1,San Francisco,USA,CA
606,0,2016-10-12 15:00:00,51.505,4,Utility,23432,1999.0,2.0,13.9,,11.7,0.0,1018.0,0.0,0.0,San Francisco,USA,CA
606,0,2016-10-15 16:00:00,51.3875,4,Utility,23432,1999.0,2.0,17.2,,14.4,,1013.5,0.0,0.0,San Francisco,USA,CA
606,0,2016-10-18 11:00:00,55.0925,4,Utility,23432,1999.0,2.0,11.7,2.0,10.6,,,0.0,0.0,San Francisco,USA,CA
606,0,2016-10-19 01:00:00,49.38,4,Utility,23432,1999.0,2.0,20.0,2.0,12.8,,1020.0,300.0,4.6,San Francisco,USA,CA
606,0,2016-10-19 23:00:00,49.2125,4,Utility,23432,1999.0,2.0,23.3,4.0,7.2,,1020.0,280.0,5.1,San Francisco,USA,CA
606,0,2016-10-22 00:00:00,47.4125,4,Utility,23432,1999.0,2.0,20.0,4.0,14.4,,1012.5,310.0,4.1,San Francisco,USA,CA
606,0,2016-10-24 19:00:00,49.3,4,Utility,23432,1999.0,2.0,19.4,,12.2,,1015.5,170.0,7.7,San Francisco,USA,CA
606,0,2016-10-25 01:00:00,49.4375,4,Utility,23432,1999.0,2.0,18.9,,12.8,,1014.5,180.0,9.8,San Francisco,USA,CA
606,0,2016-10-25 21:00:00,49.615,4,Utility,23432,1999.0,2.0,20.6,,14.4,,1018.0,160.0,5.7,San Francisco,USA,CA
606,0,2016-10-26 18:00:00,48.84,4,Utility,23432,1999.0,2.0,18.3,2.0,13.9,,1018.5,180.0,2.6,San Francisco,USA,CA
606,0,2016-10-27 01:00:00,49.0575,4,Utility,23432,1999.0,2.0,18.9,4.0,13.3,,1014.5,310.0,4.1,San Francisco,USA,CA
606,0,2016-10-27 18:00:00,48.425,4,Utility,23432,1999.0,2.0,18.9,,13.9,,1015.0,0.0,0.0,San Francisco,USA,CA
606,0,2016-10-31 00:00:00,48.46,4,Utility,23432,1999.0,2.0,18.9,,13.9,,1013.0,210.0,7.2,San Francisco,USA,CA
606,0,2016-10-31 10:00:00,56.8025,4,Utility,23432,1999.0,2.0,14.4,4.0,11.7,,1018.5,110.0,2.1,San Francisco,USA,CA
606,0,2016-11-01 23:00:00,49.66,4,Utility,23432,1999.0,2.0,18.3,4.0,10.6,,1019.0,280.0,4.1,San Francisco,USA,CA
606,0,2016-11-03 22:00:00,49.895,4,Utility,23432,1999.0,2.0,21.1,2.0,11.7,,1019.5,280.0,3.6,San Francisco,USA,CA
606,0,2016-11-04 08:00:00,61.6375,4,Utility,23432,1999.0,2.0,13.9,0.0,9.4,,1019.0,0.0,0.0,San Francisco,USA,CA
606,0,2016-11-05 00:00:00,48.64,4,Utility,23432,1999.0,2.0,22.2,2.0,11.1,0.0,1019.0,300.0,3.1,San Francisco,USA,CA
606,0,2016-11-05 08:00:00,51.975,4,Utility,23432,1999.0,2.0,13.3,2.0,11.1,0.0,1020.0,0.0,0.0,San Francisco,USA,CA
606,0,2016-11-05 10:00:00,52.5975,4,Utility,23432,1999.0,2.0,11.7,2.0,10.0,0.0,1020.0,0.0,0.0,San Francisco,USA,CA
606,0,2016-11-05 16:00:00,50.62,4,Utility,23432,1999.0,2.0,13.9,2.0,12.8,0.0,1019.5,40.0,1.5,San Francisco,USA,CA
606,0,2016-11-06 00:00:00,49.085,4,Utility,23432,1999.0,2.0,18.9,,14.4,0.0,1018.5,260.0,4.1,San Francisco,USA,CA
606,0,2016-11-06 07:00:00,52.245,4,Utility,23432,1999.0,2.0,16.7,,14.4,0.0,1018.5,0.0,0.0,San Francisco,USA,CA
606,0,2016-11-07 22:00:00,50.55,4,Utility,23432,1999.0,2.0,20.0,,13.9,0.0,1020.0,300.0,3.6,San Francisco,USA,CA
606,0,2016-11-08 00:00:00,50.005,4,Utility,23432,1999.0,2.0,20.0,,15.0,0.0,1019.5,300.0,3.6,San Francisco,USA,CA
606,0,2016-11-09 14:00:00,54.5875,4,Utility,23432,1999.0,2.0,12.8,0.0,11.7,0.0,1020.0,50.0,2.1,San Francisco,USA,CA
606,0,2016-11-11 00:00:00,48.2025,4,Utility,23432,1999.0,2.0,22.8,,14.4,0.0,1016.0,310.0,2.6,San Francisco,USA,CA
606,0,2016-11-11 02:00:00,48.6425,4,Utility,23432,1999.0,2.0,20.0,4.0,14.4,0.0,1016.5,0.0,0.0,San Francisco,USA,CA
606,0,2016-11-11 17:00:00,50.6825,4,Utility,23432,1999.0,2.0,17.8,,15.6,0.0,1018.0,130.0,1.5,San Francisco,USA,CA
606,0,2016-11-12 04:00:00,49.725,4,Utility,23432,1999.0,2.0,18.9,,12.8,0.0,1017.5,180.0,2.6,San Francisco,USA,CA
606,0,2016-11-13 17:00:00,50.5225,4,Utility,23432,1999.0,2.0,16.1,2.0,14.4,0.0,1022.5,0.0,0.0,San Francisco,USA,CA
606,0,2016-11-15 20:00:00,50.3475,4,Utility,23432,1999.0,2.0,16.7,,13.3,0.0,1019.5,160.0,3.1,San Francisco,USA,CA
606,0,2016-11-15 21:00:00,50.6675,4,Utility,23432,1999.0,2.0,17.8,,13.9,0.0,1018.5,150.0,2.6,San Francisco,USA,CA
606,0,2016-11-16 06:00:00,55.5025,4,Utility,23432,1999.0,2.0,14.4,,7.8,0.0,1019.5,300.0,3.1,San Francisco,USA,CA
606,0,2016-11-17 12:00:00,56.405,4,Utility,23432,1999.0,2.0,7.8,0.0,5.0,0.0,1019.0,50.0,1.5,San Francisco,USA,CA
606,0,2016-11-17 20:00:00,50.3875,4,Utility,23432,1999.0,2.0,13.9,0.0,7.8,0.0,1020.0,240.0,2.6,San Francisco,USA,CA
606,0,2016-11-18 21:00:00,49.0125,4,Utility,23432,1999.0,2.0,19.4,2.0,2.8,0.0,1014.5,130.0,4.6,San Francisco,USA,CA
606,0,2016-11-20 04:00:00,48.8675,4,Utility,23432,1999.0,2.0,15.0,,13.3,-1.0,1014.0,150.0,4.6,San Francisco,USA,CA
606,0,2016-11-20 11:00:00,51.7125,4,Utility,23432,1999.0,2.0,13.9,,12.2,0.0,1013.5,130.0,3.6,San Francisco,USA,CA
606,0,2016-11-20 22:00:00,49.85,4,Utility,23432,1999.0,2.0,15.6,,14.4,-1.0,1013.5,0.0,0.0,San Francisco,USA,CA
606,0,2016-11-21 01:00:00,48.7475,4,Utility,23432,1999.0,2.0,15.6,,13.3,0.0,1013.0,310.0,1.5,San Francisco,USA,CA
606,0,2016-11-22 07:00:00,60.2575,4,Utility,23432,1999.0,2.0,10.6,,8.3,0.0,1021.5,0.0,0.0,San Francisco,USA,CA
606,0,2016-11-22 09:00:00,58.345,4,Utility,23432,1999.0,2.0,9.4,0.0,8.3,0.0,1021.0,60.0,1.5,San Francisco,USA,CA
606,0,2016-11-24 05:00:00,48.31,4,Utility,23432,1999.0,2.0,8.9,0.0,6.1,0.0,1028.0,60.0,2.1,San Francisco,USA,CA
606,0,2016-11-24 20:00:00,49.68,4,Utility,23432,1999.0,2.0,12.2,2.0,7.2,0.0,1024.0,210.0,3.6,San Francisco,USA,CA
606,0,2016-11-24 21:00:00,48.8975,4,Utility,23432,1999.0,2.0,13.3,2.0,7.8,0.0,1023.0,200.0,3.1,San Francisco,USA,CA
606,0,2016-11-25 00:00:00,48.8875,4,Utility,23432,1999.0,2.0,14.4,4.0,7.8,0.0,1021.5,300.0,5.1,San Francisco,USA,CA
606,0,2016-11-25 05:00:00,48.3725,4,Utility,23432,1999.0,2.0,11.1,,7.2,0.0,1022.0,0.0,0.0,San Francisco,USA,CA
606,0,2016-11-25 19:00:00,48.8375,4,Utility,23432,1999.0,2.0,11.7,,6.7,0.0,1019.5,100.0,1.5,San Francisco,USA,CA
606,0,2016-11-26 06:00:00,51.8025,4,Utility,23432,1999.0,2.0,12.2,,7.8,0.0,1013.5,120.0,4.6,San Francisco,USA,CA
606,0,2016-11-26 11:00:00,50.4625,4,Utility,23432,1999.0,2.0,13.3,,6.7,0.0,1011.0,140.0,7.2,San Francisco,USA,CA
606,0,2016-11-27 23:00:00,49.7075,4,Utility,23432,1999.0,2.0,15.0,,6.1,0.0,1019.0,300.0,4.1,San Francisco,USA,CA
606,0,2016-11-28 02:00:00,49.1125,4,Utility,23432,1999.0,2.0,13.3,,8.3,0.0,1019.0,280.0,4.6,San Francisco,USA,CA
606,0,2016-11-28 12:00:00,53.3975,4,Utility,23432,1999.0,2.0,10.6,,8.9,-1.0,,150.0,6.2,San Francisco,USA,CA
606,0,2016-11-28 22:00:00,48.45,4,Utility,23432,1999.0,2.0,16.7,,7.8,0.0,1016.5,320.0,6.7,San Francisco,USA,CA
606,0,2016-11-29 21:00:00,48.0475,4,Utility,23432,1999.0,2.0,14.4,2.0,3.9,0.0,1020.5,260.0,3.6,San Francisco,USA,CA
606,0,2016-12-01 19:00:00,46.8225,4,Utility,23432,1999.0,2.0,13.3,2.0,5.0,0.0,1020.5,280.0,3.1,San Francisco,USA,CA
606,0,2016-12-02 13:00:00,57.74,4,Utility,23432,1999.0,2.0,10.0,0.0,-2.2,0.0,1021.5,330.0,3.1,San Francisco,USA,CA
606,0,2016-12-04 15:00:00,48.8325,4,Utility,23432,1999.0,2.0,5.6,4.0,4.4,0.0,1022.0,40.0,1.5,San Francisco,USA,CA
606,0,2016-12-05 07:00:00,54.145,4,Utility,23432,1999.0,2.0,11.1,,10.0,0.0,1020.5,0.0,0.0,San Francisco,USA,CA
606,0,2016-12-05 14:00:00,53.66,4,Utility,23432,1999.0,2.0,11.1,,11.1,0.0,1019.0,0.0,0.0,San Francisco,USA,CA
606,0,2016-12-06 20:00:00,47.9325,4,Utility,23432,1999.0,2.0,13.3,4.0,3.9,0.0,1019.5,320.0,2.6,San Francisco,USA,CA
606,0,2016-12-07 10:00:00,56.3275,4,Utility,23432,1999.0,2.0,5.6,0.0,3.3,0.0,1021.0,0.0,0.0,San Francisco,USA,CA
606,0,2016-12-08 09:00:00,55.765,4,Utility,23432,1999.0,2.0,8.3,,8.3,15.0,1018.0,70.0,5.1,San Francisco,USA,CA
606,0,2016-12-09 05:00:00,46.3575,4,Utility,23432,1999.0,2.0,14.4,,13.9,3.0,1022.0,170.0,1.5,San Francisco,USA,CA
606,0,2016-12-10 00:00:00,46.465,4,Utility,23432,1999.0,2.0,17.2,,13.3,0.0,1022.0,300.0,2.1,San Francisco,USA,CA
606,0,2016-12-10 01:00:00,46.9775,4,Utility,23432,1999.0,2.0,16.1,,13.3,0.0,1021.0,280.0,1.5,San Francisco,USA,CA
606,0,2016-12-10 15:00:00,49.6825,4,Utility,23432,1999.0,2.0,14.4,,14.4,-1.0,1019.5,200.0,2.6,San Francisco,USA,CA
606,0,2016-12-11 00:00:00,47.2075,4,Utility,23432,1999.0,2.0,15.0,,13.9,-1.0,1017.5,240.0,3.1,San Francisco,USA,CA
606,0,2016-12-11 01:00:00,48.3,4,Utility,23432,1999.0,2.0,14.4,,13.9,0.0,1018.0,260.0,2.6,San Francisco,USA,CA
606,0,2016-12-11 05:00:00,47.6425,4,Utility,23432,1999.0,2.0,12.8,,11.1,0.0,1019.5,0.0,0.0,San Francisco,USA,CA
606,0,2016-12-12 18:00:00,49.0275,4,Utility,23432,1999.0,2.0,11.7,,7.2,0.0,1022.0,70.0,4.1,San Francisco,USA,CA
606,0,2016-12-12 21:00:00,49.8375,4,Utility,23432,1999.0,2.0,13.3,,7.8,0.0,1020.5,280.0,3.6,San Francisco,USA,CA
606,0,2016-12-13 20:00:00,48.6575,4,Utility,23432,1999.0,2.0,13.9,,7.8,0.0,1020.5,270.0,2.6,San Francisco,USA,CA
606,0,2016-12-14 16:00:00,50.755,4,Utility,23432,1999.0,2.0,14.4,,13.9,0.0,1017.5,190.0,3.1,San Francisco,USA,CA
606,0,2016-12-14 21:00:00,48.6625,4,Utility,23432,1999.0,2.0,15.6,,13.3,-1.0,1016.5,170.0,3.6,San Francisco,USA,CA
606,0,2016-12-14 23:00:00,48.1725,4,Utility,23432,1999.0,2.0,16.7,,12.8,0.0,1016.0,160.0,5.7,San Francisco,USA,CA
606,0,2016-12-15 09:00:00,54.3175,4,Utility,23432,1999.0,2.0,15.0,,12.2,0.0,1015.0,150.0,7.2,San Francisco,USA,CA
606,0,2016-12-17 02:00:00,48.825,4,Utility,23432,1999.0,2.0,10.6,2.0,3.3,0.0,1016.0,300.0,8.2,San Francisco,USA,CA
606,0,2016-12-17 05:00:00,47.84,4,Utility,23432,1999.0,2.0,9.4,0.0,1.7,0.0,1018.5,310.0,5.7,San Francisco,USA,CA
606,0,2016-12-17 09:00:00,52.35,4,Utility,23432,1999.0,2.0,6.7,0.0,1.1,0.0,1021.0,330.0,3.1,San Francisco,USA,CA
606,0,2016-12-18 00:00:00,48.0625,4,Utility,23432,1999.0,2.0,10.6,2.0,-1.7,0.0,1025.0,270.0,1.5,San Francisco,USA,CA
606,0,2016-12-18 15:00:00,51.9525,4,Utility,23432,1999.0,2.0,3.3,0.0,-5.0,0.0,1028.0,50.0,3.1,San Francisco,USA,CA
606,0,2016-12-19 20:00:00,48.6525,4,Utility,23432,1999.0,2.0,12.2,2.0,-1.1,0.0,1030.0,50.0,3.6,San Francisco,USA,CA
606,0,2016-12-21 00:00:00,48.38,4,Utility,23432,1999.0,2.0,12.2,,5.6,0.0,1023.0,240.0,1.5,San Francisco,USA,CA
606,0,2016-12-21 08:00:00,55.3225,4,Utility,23432,1999.0,2.0,8.9,,1.1,0.0,1021.5,350.0,1.5,San Francisco,USA,CA
606,0,2016-12-22 02:00:00,49.225,4,Utility,23432,1999.0,2.0,13.9,0.0,3.3,0.0,1017.0,70.0,3.6,San Francisco,USA,CA
606,0,2016-12-22 05:00:00,47.6775,4,Utility,23432,1999.0,2.0,11.7,0.0,7.2,0.0,1017.5,0.0,0.0,San Francisco,USA,CA
606,0,2016-12-22 12:00:00,54.82,4,Utility,23432,1999.0,2.0,8.3,0.0,7.2,0.0,1016.0,260.0,1.5,San Francisco,USA,CA
606,0,2016-12-24 08:00:00,51.0275,4,Utility,23432,1999.0,2.0,8.9,2.0,4.4,0.0,1011.0,290.0,6.7,San Francisco,USA,CA
606,0,2016-12-24 11:00:00,52.4225,4,Utility,23432,1999.0,2.0,8.9,2.0,3.9,0.0,1011.0,290.0,6.7,San Francisco,USA,CA
606,0,2016-12-24 13:00:00,52.7375,4,Utility,23432,1999.0,2.0,7.2,2.0,2.8,0.0,1011.0,0.0,0.0,San Francisco,USA,CA
606,0,2016-12-26 02:00:00,48.075,4,Utility,23432,1999.0,2.0,8.3,4.0,3.3,0.0,1018.0,50.0,6.2,San Francisco,USA,CA
606,0,2016-12-27 07:00:00,53.9125,4,Utility,23432,1999.0,2.0,6.7,2.0,-1.7,0.0,1028.0,120.0,3.1,San Francisco,USA,CA
606,0,2016-12-30 00:00:00,47.7775,4,Utility,23432,1999.0,2.0,13.3,,5.6,0.0,1020.5,0.0,0.0,San Francisco,USA,CA
606,0,2016-12-30 19:00:00,47.6525,4,Utility,23432,1999.0,2.0,11.7,,7.2,0.0,1018.5,270.0,2.1,San Francisco,USA,CA
